Unnamed: 0,VendorID,tpep_pickup_datetime,tpep_dropoff_datetime,passenger_count,trip_distance,RatecodeID,store_and_fwd_flag,PULocationID,DOLocationID,payment_type,fare_amount,extra,mta_tax,tip_amount,tolls_amount,improvement_surcharge,total_amount
24870114,2,03/25/2017 8:55:43 AM,03/25/2017 9:09:47 AM,6,3.34,1,N,100,231,1,13.0,0.0,0.5,2.76,0.0,0.3,16.56
35634249,1,04/11/2017 2:53:28 PM,04/11/2017 3:19:58 PM,1,1.8,1,N,186,43,1,16.0,0.0,0.5,4.0,0.0,0.3,20.8
106203690,1,12/15/2017 7:26:56 AM,12/15/2017 7:34:08 AM,1,1.0,1,N,262,236,1,6.5,0.0,0.5,1.45,0.0,0.3,8.75
38942136,2,05/07/2017 1:17:59 PM,05/07/2017 1:48:14 PM,1,3.7,1,N,188,97,1,20.5,0.0,0.5,6.39,0.0,0.3,27.69
30841670,2,04/15/2017 11:32:20 PM,04/15/2017 11:49:03 PM,1,4.37,1,N,4,112,2,16.5,0.5,0.5,0.0,0.0,0.3,17.8
23345809,2,03/25/2017 8:34:11 PM,03/25/2017 8:42:11 PM,6,2.3,1,N,161,236,1,9.0,0.5,0.5,2.06,0.0,0.3,12.36
37660487,2,05/03/2017 7:04:09 PM,05/03/2017 8:03:47 PM,1,12.83,1,N,79,241,1,47.5,1.0,0.5,9.86,0.0,0.3,59.16
69059411,2,08/15/2017 5:41:06 PM,08/15/2017 6:03:05 PM,1,2.98,1,N,237,114,1,16.0,1.0,0.5,1.78,0.0,0.3,19.58
8433159,2,02/04/2017 4:17:07 PM,02/04/2017 4:29:14 PM,1,1.2,1,N,234,249,2,9.0,0.0,0.5,0.0,0.0,0.3,9.8
95294817,1,11/10/2017 3:20:29 PM,11/10/2017 3:40:55 PM,1,1.6,1,N,239,237,1,13.0,0.0,0.5,2.75,0.0,0.3,16.55
18017909,2,03/04/2017 11:58:00 AM,03/04/2017 12:13:12 PM,1,1.77,1,N,162,142,1,11.5,0.0,0.5,2.46,0.0,0.3,14.76
18600059,2,03/05/2017 7:15:30 PM,03/05/2017 7:52:18 PM,2,18.9,2,N,236,132,1,52.0,0.0,0.5,14.58,5.54,0.3,72.92
46782248,1,06/09/2017 7:00:26 PM,06/09/2017 7:20:11 PM,1,3.0,1,N,13,148,1,15.0,1.0,0.5,3.35,0.0,0.3,20.15
94113247,2,11/06/2017 11:35:05 PM,11/06/2017 11:42:57 PM,1,2.39,1,N,209,25,1,9.5,0.5,0.5,2.16,0.0,0.3,12.96
14168279,1,02/22/2017 3:18:31 PM,02/22/2017 3:42:50 PM,1,3.3,1,N,238,161,1,17.5,0.0,0.5,4.55,0.0,0.3,22.85
47444401,2,06/02/2017 6:41:39 AM,06/02/2017 6:57:47 AM,1,5.93,1,N,239,231,1,19.0,0.0,0.5,3.0,0.0,0.3,22.8
69088676,1,08/15/2017 7:48:08 PM,08/15/2017 8:00:37 PM,1,3.6,1,N,163,41,1,12.5,1.0,0.5,2.85,0.0,0.3,17.15
58691513,2,07/10/2017 1:36:31 PM,07/10/2017 1:48:43 PM,2,1.71,1,N,142,100,1,9.5,0.0,0.5,0.0,0.0,0.3,10.3
35388828,2,04/10/2017 6:12:58 PM,04/10/2017 6:17:39 PM,2,0.63,1,N,263,262,2,5.0,1.0,0.5,0.0,0.0,0.3,6.8
18383214,2,03/05/2017 4:01:07 AM,03/05/2017 4:14:11 AM,2,2.77,1,N,79,68,1,11.5,0.5,0.5,3.2,0.0,0.3,16.0
110690689,1,12/30/2017 11:52:44 PM,12/30/2017 11:58:57 PM,1,1.1,1,N,166,238,2,6.5,0.5,0.5,0.0,0.0,0.3,7.8
85505540,2,10/11/2017 12:34:49 PM,10/11/2017 1:22:38 PM,1,12.3,5,N,138,265,1,68.25,0.0,0.0,12.0,16.26,0.3,96.81
113074702,2,01/06/2017 8:12:07 PM,01/06/2017 8:18:37 PM,1,0.52,1,N,90,249,1,5.5,0.5,0.5,1.0,0.0,0.3,7.8
54636365,1,06/27/2017 12:08:22 AM,06/27/2017 12:13:45 AM,1,1.7,1,N,162,263,1,7.0,0.5,0.5,2.05,0.0,0.3,10.35
10565287,1,02/13/2017 10:29:33 AM,02/13/2017 10:34:11 AM,1,0.9,1,N,237,237,1,5.5,0.0,0.5,1.25,0.0,0.3,7.55
111209513,2,01/14/2017 7:58:42 PM,01/14/2017 8:05:59 PM,1,1.72,1,N,43,141,1,8.0,0.5,0.5,2.79,0.0,0.3,12.09
93194366,1,11/04/2017 1:27:59 AM,11/04/2017 1:44:05 AM,1,2.7,1,N,50,263,1,13.0,0.5,0.5,2.85,0.0,0.3,17.15
99525452,2,11/24/2017 10:48:13 AM,11/24/2017 10:52:57 AM,1,0.85,1,N,237,161,2,5.5,0.0,0.5,0.0,0.0,0.3,6.3
99074251,1,11/22/2017 10:24:17 AM,11/22/2017 10:38:52 AM,1,2.3,1,N,162,113,1,11.0,0.0,0.5,2.35,0.0,0.3,14.15
94052446,2,11/06/2017 8:30:50 PM,11/07/2017 12:00:00 AM,1,30.83,1,N,132,23,1,80.0,0.5,0.5,18.56,11.52,0.3,111.38
67540161,1,08/09/2017 9:01:50 PM,08/09/2017 9:14:28 PM,1,2.3,1,N,163,234,1,10.5,0.5,0.5,1.77,0.0,0.3,13.57
35914864,1,04/12/2017 11:07:56 AM,04/12/2017 11:19:29 AM,4,1.5,1,N,239,43,2,9.0,0.0,0.5,0.0,0.0,0.3,9.8
63600506,2,07/26/2017 11:26:50 PM,07/26/2017 11:55:49 PM,1,14.32,1,N,132,149,2,40.5,0.5,0.5,0.0,0.0,0.3,41.8
90465096,1,10/26/2017 7:43:07 PM,10/26/2017 8:06:02 PM,1,2.9,1,N,230,238,1,15.5,1.0,0.5,3.45,0.0,0.3,20.75
18173620,1,03/04/2017 6:19:04 PM,03/04/2017 6:32:13 PM,1,1.7,1,N,236,161,1,10.5,0.0,0.5,1.7,0.0,0.3,13.0
93554066,2,11/05/2017 1:35:25 AM,11/05/2017 1:43:39 AM,5,2.69,1,N,24,48,2,9.5,0.5,0.5,0.0,0.0,0.3,10.8
14770087,1,02/24/2017 11:24:50 AM,02/24/2017 11:29:18 AM,1,0.6,1,N,142,142,2,5.0,0.0,0.5,0.0,0.0,0.3,5.8
14373799,2,02/23/2017 8:04:57 AM,02/23/2017 8:18:48 AM,1,2.11,1,N,140,161,1,11.5,0.0,0.5,2.46,0.0,0.3,14.76
10421657,1,02/12/2017 6:45:41 PM,02/12/2017 6:48:58 PM,4,0.4,1,N,142,143,1,4.0,0.0,0.5,0.72,0.0,0.3,5.52
103916069,2,12/08/2017 12:21:55 PM,12/08/2017 12:30:38 PM,1,1.28,1,N,238,166,1,7.5,0.0,0.5,5.0,0.0,0.3,13.3
77743944,2,09/15/2017 7:09:51 PM,09/15/2017 7:23:06 PM,3,1.23,1,N,90,79,1,9.5,1.0,0.5,2.26,0.0,0.3,13.56
15086430,1,02/25/2017 7:41:32 AM,02/25/2017 7:50:26 AM,1,2.0,1,N,170,113,1,9.0,0.0,0.5,1.95,0.0,0.3,11.75
103823476,2,12/08/2017 7:59:11 AM,12/08/2017 8:15:32 AM,1,4.52,1,N,116,239,1,16.5,0.0,0.5,2.0,0.0,0.3,19.3
34535675,2,04/26/2017 11:18:27 AM,04/26/2017 11:24:59 AM,2,1.12,1,N,234,211,1,6.5,0.0,0.5,1.82,0.0,0.3,9.12
11969477,2,02/15/2017 5:30:24 PM,02/15/2017 5:35:24 PM,1,0.59,1,N,249,113,1,5.0,1.0,0.5,1.36,0.0,0.3,8.16
68798000,1,08/14/2017 5:15:32 PM,08/14/2017 5:25:28 PM,1,1.5,1,N,239,230,1,8.5,1.0,0.5,2.55,0.0,0.3,12.85
74499650,2,09/05/2017 3:10:20 PM,09/05/2017 3:25:25 PM,4,1.71,1,N,162,186,2,10.5,0.0,0.5,0.0,0.0,0.3,11.3
3377025,2,01/13/2017 2:37:24 AM,01/13/2017 3:17:34 AM,4,8.69,1,N,246,231,1,31.5,0.5,0.5,6.56,0.0,0.3,39.36
16623511,2,03/11/2017 4:46:32 AM,03/11/2017 4:57:02 AM,6,2.69,1,N,79,88,2,11.0,0.5,0.5,0.0,0.0,0.3,12.3
34839590,2,04/27/2017 7:26:57 AM,04/27/2017 7:28:21 AM,1,0.42,1,N,234,107,1,3.5,0.0,0.5,0.86,0.0,0.3,5.16
59540954,2,07/13/2017 8:23:29 AM,07/13/2017 8:47:40 AM,2,7.37,1,N,263,88,2,25.5,0.0,0.5,0.0,0.0,0.3,26.3
27809467,1,04/04/2017 4:22:03 PM,04/04/2017 4:35:30 PM,1,2.2,1,N,163,90,2,10.5,1.0,0.5,0.0,0.0,0.3,12.3
1361166,1,01/05/2017 2:56:32 PM,01/05/2017 3:24:31 PM,2,2.6,1,N,100,237,2,17.5,0.0,0.5,0.0,0.0,0.3,18.3
25497357,2,03/28/2017 7:10:03 PM,03/28/2017 7:13:20 PM,1,0.8,1,N,151,239,1,4.5,1.0,0.5,1.26,0.0,0.3,7.56
73498565,1,09/01/2017 9:37:29 AM,09/01/2017 10:00:14 AM,1,2.9,1,N,24,48,2,16.0,0.0,0.5,0.0,0.0,0.3,16.8
69719738,2,08/17/2017 10:06:12 PM,08/17/2017 10:32:06 PM,1,11.07,1,N,138,97,1,32.5,0.5,0.5,6.76,0.0,0.3,40.56
9517173,1,02/10/2017 11:47:00 AM,02/10/2017 12:09:43 PM,1,2.7,1,N,238,161,1,15.5,0.0,0.5,4.05,0.0,0.3,20.35
19282330,2,03/07/2017 8:19:42 PM,03/07/2017 8:29:08 PM,2,2.51,1,N,229,146,1,10.0,0.5,0.5,3.39,0.0,0.3,14.69
22352969,2,03/18/2017 12:12:18 PM,03/18/2017 12:20:32 PM,1,0.78,1,N,230,50,2,7.0,0.0,0.5,0.0,0.0,0.3,7.8
17520716,2,03/03/2017 8:02:59 AM,03/03/2017 8:05:43 AM,1,0.85,1,N,164,170,1,4.5,0.0,0.5,1.59,0.0,0.3,6.89
34663272,2,04/26/2017 6:08:41 PM,04/26/2017 6:11:08 PM,5,0.38,1,N,236,236,1,4.0,1.0,0.5,1.16,0.0,0.3,6.96
32842627,2,04/21/2017 3:08:21 PM,04/21/2017 3:18:09 PM,1,1.15,1,N,163,100,1,8.0,0.0,0.5,1.76,0.0,0.3,10.56
8467920,2,02/04/2017 6:04:26 PM,02/04/2017 6:19:15 PM,1,7.16,1,N,141,243,2,21.0,0.0,0.5,0.0,0.0,0.3,21.8
83622942,2,10/05/2017 9:39:28 AM,10/05/2017 9:42:32 AM,6,0.22,3,N,48,48,2,21.5,0.0,0.0,0.0,0.0,0.3,21.8
21974063,1,03/17/2017 9:17:05 AM,03/17/2017 9:21:34 AM,1,0.7,1,N,237,236,1,5.0,0.0,0.5,1.15,0.0,0.3,6.95
110794327,2,12/31/2017 1:03:12 PM,12/31/2017 1:06:52 PM,6,0.71,1,N,161,229,2,4.5,0.0,0.5,0.0,0.0,0.3,5.3
105212199,2,12/12/2017 11:12:23 AM,12/12/2017 12:01:01 PM,1,3.1,1,N,186,263,1,28.0,0.0,0.5,5.76,0.0,0.3,34.56
74143232,2,09/03/2017 11:15:56 PM,09/03/2017 11:31:25 PM,2,2.96,1,N,161,148,1,13.0,0.5,0.5,2.86,0.0,0.3,17.16
105476838,1,12/13/2017 7:06:10 AM,12/13/2017 7:11:40 AM,1,0.8,1,N,142,230,1,5.5,0.0,0.5,1.0,0.0,0.3,7.3
65221014,2,08/01/2017 6:09:45 PM,08/01/2017 6:14:05 PM,1,0.96,1,N,162,162,2,5.5,1.0,0.5,0.0,0.0,0.3,7.3
85218699,1,10/10/2017 2:40:11 PM,10/10/2017 2:54:27 PM,4,1.9,1,N,144,68,2,10.5,0.0,0.5,0.0,0.0,0.3,11.3
66465797,2,08/05/2017 10:28:06 PM,08/05/2017 10:34:13 PM,4,0.97,1,N,43,43,2,6.5,0.5,0.5,0.0,0.0,0.3,7.8
68455717,2,08/13/2017 3:50:10 AM,08/13/2017 3:53:43 AM,2,0.95,1,N,68,246,1,5.0,0.5,0.5,1.0,0.0,0.3,7.3
34401650,2,04/25/2017 10:20:43 PM,04/25/2017 10:25:28 PM,4,1.02,1,N,166,24,1,6.0,0.5,0.5,1.46,0.0,0.3,8.76
36762559,2,05/01/2017 9:42:27 AM,05/01/2017 9:47:29 AM,1,0.78,1,N,13,231,1,5.0,0.0,0.5,1.0,0.0,0.3,6.8
48053276,2,06/03/2017 6:55:02 PM,06/03/2017 7:03:22 PM,6,1.16,1,N,234,230,1,7.0,0.0,0.5,1.95,0.0,0.3,9.75
30892521,1,04/16/2017 2:43:35 AM,04/16/2017 3:04:48 AM,3,4.3,1,N,249,255,1,17.5,0.5,0.5,2.22,0.0,0.3,21.02
15158530,1,02/25/2017 1:04:27 PM,02/25/2017 1:15:41 PM,1,1.9,1,N,107,161,1,9.5,0.0,0.5,2.55,0.0,0.3,12.85
22166926,2,03/17/2017 10:00:41 PM,03/17/2017 10:22:57 PM,2,11.2,1,N,138,180,1,31.5,0.5,0.5,6.56,0.0,0.3,39.36
2661149,1,01/10/2017 9:06:58 PM,01/10/2017 9:13:20 PM,1,2.0,1,N,246,50,2,8.0,0.5,0.5,0.0,0.0,0.3,9.3
97134848,2,11/16/2017 9:31:00 AM,11/16/2017 9:43:17 AM,2,1.02,1,N,48,161,1,8.5,0.0,0.5,1.86,0.0,0.3,11.16
90957858,2,10/28/2017 4:16:54 AM,10/28/2017 4:33:06 AM,3,5.11,1,N,79,74,1,16.5,0.5,0.5,5.34,0.0,0.3,23.14
86230381,2,10/13/2017 3:48:39 PM,10/13/2017 3:56:17 PM,1,0.96,1,N,249,234,2,6.5,0.0,0.5,0.0,0.0,0.3,7.3
79283387,2,09/20/2017 11:46:44 PM,09/20/2017 11:54:08 PM,1,1.9,1,N,249,164,1,8.0,0.5,0.5,1.86,0.0,0.3,11.16
64344057,1,07/29/2017 1:27:34 PM,07/29/2017 1:36:28 PM,1,1.6,1,N,249,186,1,8.0,0.0,0.5,1.0,0.0,0.3,9.8
74722231,1,09/06/2017 11:37:10 AM,09/06/2017 11:40:44 AM,1,0.4,1,N,140,140,2,4.5,0.0,0.5,0.0,0.0,0.3,5.3
81447972,1,09/28/2017 7:17:44 AM,09/28/2017 7:21:35 AM,1,0.9,1,N,237,162,1,5.0,0.0,0.5,1.0,0.0,0.3,6.8
69751803,2,08/18/2017 1:17:32 AM,08/18/2017 1:34:48 AM,1,4.96,1,N,114,257,1,17.0,0.5,0.5,3.66,0.0,0.3,21.96
16215929,1,02/28/2017 6:02:05 PM,02/28/2017 6:13:30 PM,1,4.9,1,N,87,170,1,16.0,1.0,0.5,5.3,0.0,0.3,23.1
16416397,1,03/10/2017 6:31:50 PM,03/10/2017 6:58:46 PM,1,9.6,1,N,234,244,2,30.5,1.0,0.5,0.0,0.0,0.3,32.3
38609090,1,05/06/2017 2:54:22 PM,05/06/2017 3:19:17 PM,1,2.9,1,N,79,255,2,17.5,0.0,0.5,0.0,0.0,0.3,18.3
60107150,2,07/15/2017 12:28:27 AM,07/15/2017 12:37:09 AM,2,1.62,1,N,125,87,1,8.0,0.5,0.5,1.0,0.0,0.3,10.3
87475909,1,10/17/2017 2:29:39 PM,10/17/2017 3:00:14 PM,1,13.8,1,N,138,51,1,39.0,0.0,0.5,9.1,5.76,0.3,54.66
10038766,1,02/11/2017 7:09:12 PM,02/11/2017 7:32:20 PM,1,1.7,1,N,249,107,1,14.5,0.0,0.5,1.0,0.0,0.3,16.3
53636202,2,06/23/2017 7:53:53 PM,06/23/2017 8:00:57 PM,2,0.88,1,N,170,234,1,6.5,1.0,0.5,0.5,0.0,0.3,8.8
20414683,2,03/26/2017 8:06:55 PM,03/26/2017 8:14:43 PM,1,1.46,1,N,186,233,1,7.0,0.5,0.5,1.24,0.0,0.3,9.54
63683638,2,07/27/2017 10:10:04 AM,07/27/2017 10:23:13 AM,1,1.66,1,N,163,100,1,10.0,0.0,0.5,1.2,0.0,0.3,12.0
105056260,2,12/11/2017 8:04:27 PM,12/11/2017 8:16:10 PM,1,1.63,1,N,161,234,1,9.5,0.5,0.5,2.16,0.0,0.3,12.96
97913057,1,11/18/2017 1:04:54 PM,11/18/2017 1:39:53 PM,1,10.0,1,N,230,138,1,34.5,0.0,0.5,7.05,0.0,0.3,42.35
22572601,2,03/18/2017 11:41:50 PM,03/18/2017 11:49:21 PM,1,1.42,1,N,113,68,2,7.0,0.5,0.5,0.0,0.0,0.3,8.3
